<?xml version="1.0" encoding="UTF-8"?>
<ar:ApplicationResponse xmlns:ar="urn:oasis:names:specification:ubl:schema:xsd:ApplicationResponse-2" xmlns:ext="urn:oasis:names:specification:ubl:schema:xsd:CommonExtensionComponents-2" xmlns:cbc="urn:oasis:names:specification:ubl:schema:xsd:CommonBasicComponents-2" xmlns:cac="urn:oasis:names:specification:ubl:schema:xsd:CommonAggregateComponents-2" xmlns:ds="http://www.w3.org/2000/09/xmldsig#" xmlns:soap="http://schemas.xmlsoap.org/soap/envelope/"><ext:UBLExtensions><ext:UBLExtension><ext:ExtensionContent><Signature xmlns="http://www.w3.org/2000/09/xmldsig#">
<SignedInfo>
  <CanonicalizationMethod Algorithm="http://www.w3.org/2001/10/xml-exc-c14n#WithComments"/>
  <SignatureMethod Algorithm="http://www.w3.org/2001/04/xmldsig-more#rsa-sha512"/>
  <Reference URI="">
    <Transforms>
      <Transform Algorithm="http://www.w3.org/2000/09/xmldsig#enveloped-signature"/>
      <Transform Algorithm="http://www.w3.org/2001/10/xml-exc-c14n#WithComments"/>
    </Transforms>
    <DigestMethod Algorithm="http://www.w3.org/2001/04/xmlenc#sha512"/>
    <DigestValue>vQVeSMSHUL0rpc4OshTlzSQlCOS0A3ESUGgx6BWF/LcYT/Y3KIFtt30sOCwTJjQ91vVhTA16zPjQGiylzV9ktQ==</DigestValue>
  </Reference>
</SignedInfo>
    <SignatureValue>*Private key 'BetaPublicCert' not up*</SignatureValue><KeyInfo><X509Data><X509Certificate>*Named certificate 'BetaPrivateKey' not up*</X509Certificate><X509IssuerSerial><X509IssuerName>*Named certificate 'BetaPrivateKey' not up*</X509IssuerName><X509SerialNumber>*Named certificate 'BetaPrivateKey' not up*</X509SerialNumber></X509IssuerSerial></X509Data></KeyInfo></Signature></ext:ExtensionContent></ext:UBLExtension></ext:UBLExtensions><cbc:ID>1617729105169</cbc:ID><cbc:IssueDate>2020-08-24T13:05:00</cbc:IssueDate><cbc:IssueTime>00:00:00</cbc:IssueTime><cbc:ResponseDate>2021-04-06</cbc:ResponseDate><cbc:ResponseTime>12:11:45</cbc:ResponseTime><cac:Signature><cbc:ID>SignSUNAT</cbc:ID><cac:SignatoryParty><cac:PartyIdentification><cbc:ID>20131312955</cbc:ID></cac:PartyIdentification><cac:PartyName><cbc:Name>SUNAT</cbc:Name></cac:PartyName></cac:SignatoryParty><cac:DigitalSignatureAttachment><cac:ExternalReference><cbc:URI>#SignSUNAT</cbc:URI></cac:ExternalReference></cac:DigitalSignatureAttachment></cac:Signature><cbc:Note>4287 - El precio unitario de la operaci&#243;n que est&#225; informando difiere de los c&#225;lculos realizados en base a la informaci&#243;n remitida - Error en la linea: 1: 4287 (nodo: "cac:AlternativeConditionPrice/cbc:PriceAmount" valor: "59")</cbc:Note><cbc:Note>4288 - El valor de venta por &#237;tem difiere de los importes consignados. - Error en la linea: 1: 4288 (nodo: "cac:InvoiceLine/cbc:LineExtensionAmount" valor: "100.00")</cbc:Note><cbc:Note>4312 - El importe total del comprobante no coincide con el valor calculado - INFO : 4312 (nodo: "cac:LegalMonetaryTotal/cbc:PayableAmount" valor: "50.60")</cbc:Note><cac:SenderParty><cac:PartyIdentification><cbc:ID>20131312955</cbc:ID></cac:PartyIdentification></cac:SenderParty><cac:ReceiverParty><cac:PartyIdentification><cbc:ID>20123456789</cbc:ID></cac:PartyIdentification></cac:ReceiverParty><cac:DocumentResponse><cac:Response><cbc:ReferenceID>F001-002</cbc:ReferenceID><cbc:ResponseCode>0</cbc:ResponseCode><cbc:Description>La Factura numero F001-002, ha sido aceptada</cbc:Description></cac:Response><cac:DocumentReference><cbc:ID>F001-002</cbc:ID></cac:DocumentReference><cac:RecipientParty><cac:PartyIdentification><cbc:ID>6-20000000001</cbc:ID></cac:PartyIdentification></cac:RecipientParty></cac:DocumentResponse></ar:ApplicationResponse>