<?xml version="1.0" encoding="UTF-8"?>
<ar:ApplicationResponse xmlns="urn:oasis:names:specification:ubl:schema:xsd:Invoice-2" xmlns:ar="urn:oasis:names:specification:ubl:schema:xsd:ApplicationResponse-2" xmlns:ext="urn:oasis:names:specification:ubl:schema:xsd:CommonExtensionComponents-2" xmlns:cbc="urn:oasis:names:specification:ubl:schema:xsd:CommonBasicComponents-2" xmlns:cac="urn:oasis:names:specification:ubl:schema:xsd:CommonAggregateComponents-2" xmlns:ds="http://www.w3.org/2000/09/xmldsig#" xmlns:soap="http://schemas.xmlsoap.org/soap/envelope/" xmlns:date="http://exslt.org/dates-and-times" xmlns:sac="urn:sunat:names:specification:ubl:peru:schema:xsd:SunatAggregateComponents-1" xmlns:xs="http://www.w3.org/2001/XMLSchema" xmlns:regexp="http://exslt.org/regular-expressions"><ext:UBLExtensions xmlns=""><ext:UBLExtension><ext:ExtensionContent><Signature xmlns="http://www.w3.org/2000/09/xmldsig#">
<SignedInfo>
  <CanonicalizationMethod Algorithm="http://www.w3.org/2001/10/xml-exc-c14n#WithComments"/>
  <SignatureMethod Algorithm="http://www.w3.org/2001/04/xmldsig-more#rsa-sha512"/>
  <Reference URI="">
    <Transforms>
      <Transform Algorithm="http://www.w3.org/2000/09/xmldsig#enveloped-signature"/>
      <Transform Algorithm="http://www.w3.org/2001/10/xml-exc-c14n#WithComments"/>
    </Transforms>
    <DigestMethod Algorithm="http://www.w3.org/2001/04/xmlenc#sha512"/>
    <DigestValue>KB6KLHwVzz9Eh9G6c5Ce1rPB8RO8OIr2diZo6NHaE/6Q/8J5VdZRXQaxp04Wxyb2AiIAmuhkywiNkCIpAaU0OA==</DigestValue>
  </Reference>
</SignedInfo>
    <SignatureValue>*Private key 'BetaPublicCert' not up*</SignatureValue><KeyInfo><X509Data><X509Certificate>*Named certificate 'BetaPrivateKey' not up*</X509Certificate><X509IssuerSerial><X509IssuerName>*Named certificate 'BetaPrivateKey' not up*</X509IssuerName><X509SerialNumber>*Named certificate 'BetaPrivateKey' not up*</X509SerialNumber></X509IssuerSerial></X509Data></KeyInfo></Signature></ext:ExtensionContent></ext:UBLExtension></ext:UBLExtensions><cbc:UBLVersionID>2.0</cbc:UBLVersionID><cbc:CustomizationID>1.0</cbc:CustomizationID><cbc:ID>1622052715664</cbc:ID><cbc:IssueDate>2021-05-26</cbc:IssueDate><cbc:IssueTime>00:00:00</cbc:IssueTime><cbc:ResponseDate>2021-05-26</cbc:ResponseDate><cbc:ResponseTime>13:11:55</cbc:ResponseTime><cac:Signature><cbc:ID>SignSUNAT</cbc:ID><cac:SignatoryParty><cac:PartyIdentification><cbc:ID>20131312955</cbc:ID></cac:PartyIdentification><cac:PartyName><cbc:Name>SUNAT</cbc:Name></cac:PartyName></cac:SignatoryParty><cac:DigitalSignatureAttachment><cac:ExternalReference><cbc:URI>#SignSUNAT</cbc:URI></cac:ExternalReference></cac:DigitalSignatureAttachment></cac:Signature><cbc:Note>4027 - El importe total no coincide con la sumatoria de los valores de venta mas los tributos mas los cargos - Error en la linea: 1. : 4027 (nodo: "sac:SummaryDocumentsLine/sac:TotalAmount" valor: "4.00")</cbc:Note><cbc:Note>4027 - El importe total no coincide con la sumatoria de los valores de venta mas los tributos mas los cargos - Error en la linea: 2. : 4027 (nodo: "sac:SummaryDocumentsLine/sac:TotalAmount" valor: "15.00")</cbc:Note><cbc:Note>4027 - El importe total no coincide con la sumatoria de los valores de venta mas los tributos mas los cargos - Error en la linea: 3. : 4027 (nodo: "sac:SummaryDocumentsLine/sac:TotalAmount" valor: "74.00")</cbc:Note><cbc:Note>4027 - El importe total no coincide con la sumatoria de los valores de venta mas los tributos mas los cargos - Error en la linea: 4. : 4027 (nodo: "sac:SummaryDocumentsLine/sac:TotalAmount" valor: "23.00")</cbc:Note><cbc:Note>4027 - El importe total no coincide con la sumatoria de los valores de venta mas los tributos mas los cargos - Error en la linea: 5. : 4027 (nodo: "sac:SummaryDocumentsLine/sac:TotalAmount" valor: "46.00")</cbc:Note><cbc:Note>4027 - El importe total no coincide con la sumatoria de los valores de venta mas los tributos mas los cargos - Error en la linea: 6. : 4027 (nodo: "sac:SummaryDocumentsLine/sac:TotalAmount" valor: "27.00")</cbc:Note><cbc:Note>4027 - El importe total no coincide con la sumatoria de los valores de venta mas los tributos mas los cargos - Error en la linea: 7. : 4027 (nodo: "sac:SummaryDocumentsLine/sac:TotalAmount" valor: "41.00")</cbc:Note><cbc:Note>4027 - El importe total no coincide con la sumatoria de los valores de venta mas los tributos mas los cargos - Error en la linea: 8. : 4027 (nodo: "sac:SummaryDocumentsLine/sac:TotalAmount" valor: "40.00")</cbc:Note><cbc:Note>4027 - El importe total no coincide con la sumatoria de los valores de venta mas los tributos mas los cargos - Error en la linea: 9. : 4027 (nodo: "sac:SummaryDocumentsLine/sac:TotalAmount" valor: "86.00")</cbc:Note><cbc:Note>4027 - El importe total no coincide con la sumatoria de los valores de venta mas los tributos mas los cargos - Error en la linea: 10. : 4027 (nodo: "sac:SummaryDocumentsLine/sac:TotalAmount" valor: "58.00")</cbc:Note><cbc:Note>4027 - El importe total no coincide con la sumatoria de los valores de venta mas los tributos mas los cargos - Error en la linea: 11. : 4027 (nodo: "sac:SummaryDocumentsLine/sac:TotalAmount" valor: "15.00")</cbc:Note><cbc:Note>4027 - El importe total no coincide con la sumatoria de los valores de venta mas los tributos mas los cargos - Error en la linea: 12. : 4027 (nodo: "sac:SummaryDocumentsLine/sac:TotalAmount" valor: "13.00")</cbc:Note><cbc:Note>4027 - El importe total no coincide con la sumatoria de los valores de venta mas los tributos mas los cargos - Error en la linea: 13. : 4027 (nodo: "sac:SummaryDocumentsLine/sac:TotalAmount" valor: "9.00")</cbc:Note><cbc:Note>4027 - El importe total no coincide con la sumatoria de los valores de venta mas los tributos mas los cargos - Error en la linea: 14. : 4027 (nodo: "sac:SummaryDocumentsLine/sac:TotalAmount" valor: "10.00")</cbc:Note><cbc:Note>4027 - El importe total no coincide con la sumatoria de los valores de venta mas los tributos mas los cargos - Error en la linea: 15. : 4027 (nodo: "sac:SummaryDocumentsLine/sac:TotalAmount" valor: "51.00")</cbc:Note><cbc:Note>4027 - El importe total no coincide con la sumatoria de los valores de venta mas los tributos mas los cargos - Error en la linea: 16. : 4027 (nodo: "sac:SummaryDocumentsLine/sac:TotalAmount" valor: "10.00")</cbc:Note><cbc:Note>4027 - El importe total no coincide con la sumatoria de los valores de venta mas los tributos mas los cargos - Error en la linea: 17. : 4027 (nodo: "sac:SummaryDocumentsLine/sac:TotalAmount" valor: "53.00")</cbc:Note><cbc:Note>4027 - El importe total no coincide con la sumatoria de los valores de venta mas los tributos mas los cargos - Error en la linea: 18. : 4027 (nodo: "sac:SummaryDocumentsLine/sac:TotalAmount" valor: "26.00")</cbc:Note><cbc:Note>4027 - El importe total no coincide con la sumatoria de los valores de venta mas los tributos mas los cargos - Error en la linea: 19. : 4027 (nodo: "sac:SummaryDocumentsLine/sac:TotalAmount" valor: "8.00")</cbc:Note><cbc:Note>4027 - El importe total no coincide con la sumatoria de los valores de venta mas los tributos mas los cargos - Error en la linea: 20. : 4027 (nodo: "sac:SummaryDocumentsLine/sac:TotalAmount" valor: "77.00")</cbc:Note><cbc:Note>4027 - El importe total no coincide con la sumatoria de los valores de venta mas los tributos mas los cargos - Error en la linea: 21. : 4027 (nodo: "sac:SummaryDocumentsLine/sac:TotalAmount" valor: "44.00")</cbc:Note><cbc:Note>4027 - El importe total no coincide con la sumatoria de los valores de venta mas los tributos mas los cargos - Error en la linea: 22. : 4027 (nodo: "sac:SummaryDocumentsLine/sac:TotalAmount" valor: "16.00")</cbc:Note><cbc:Note>4027 - El importe total no coincide con la sumatoria de los valores de venta mas los tributos mas los cargos - Error en la linea: 23. : 4027 (nodo: "sac:SummaryDocumentsLine/sac:TotalAmount" valor: "98.00")</cbc:Note><cbc:Note>4027 - El importe total no coincide con la sumatoria de los valores de venta mas los tributos mas los cargos - Error en la linea: 24. : 4027 (nodo: "sac:SummaryDocumentsLine/sac:TotalAmount" valor: "64.00")</cbc:Note><cbc:Note>4027 - El importe total no coincide con la sumatoria de los valores de venta mas los tributos mas los cargos - Error en la linea: 25. : 4027 (nodo: "sac:SummaryDocumentsLine/sac:TotalAmount" valor: "11.00")</cbc:Note><cbc:Note>4027 - El importe total no coincide con la sumatoria de los valores de venta mas los tributos mas los cargos - Error en la linea: 26. : 4027 (nodo: "sac:SummaryDocumentsLine/sac:TotalAmount" valor: "93.00")</cbc:Note><cbc:Note>4027 - El importe total no coincide con la sumatoria de los valores de venta mas los tributos mas los cargos - Error en la linea: 27. : 4027 (nodo: "sac:SummaryDocumentsLine/sac:TotalAmount" valor: "92.00")</cbc:Note><cbc:Note>4027 - El importe total no coincide con la sumatoria de los valores de venta mas los tributos mas los cargos - Error en la linea: 28. : 4027 (nodo: "sac:SummaryDocumentsLine/sac:TotalAmount" valor: "1.00")</cbc:Note><cbc:Note>4027 - El importe total no coincide con la sumatoria de los valores de venta mas los tributos mas los cargos - Error en la linea: 29. : 4027 (nodo: "sac:SummaryDocumentsLine/sac:TotalAmount" valor: "58.00")</cbc:Note><cbc:Note>4027 - El importe total no coincide con la sumatoria de los valores de venta mas los tributos mas los cargos - Error en la linea: 30. : 4027 (nodo: "sac:SummaryDocumentsLine/sac:TotalAmount" valor: "26.00")</cbc:Note><cbc:Note>4027 - El importe total no coincide con la sumatoria de los valores de venta mas los tributos mas los cargos - Error en la linea: 31. : 4027 (nodo: "sac:SummaryDocumentsLine/sac:TotalAmount" valor: "77.00")</cbc:Note><cbc:Note>4027 - El importe total no coincide con la sumatoria de los valores de venta mas los tributos mas los cargos - Error en la linea: 32. : 4027 (nodo: "sac:SummaryDocumentsLine/sac:TotalAmount" valor: "3.00")</cbc:Note><cbc:Note>4027 - El importe total no coincide con la sumatoria de los valores de venta mas los tributos mas los cargos - Error en la linea: 33. : 4027 (nodo: "sac:SummaryDocumentsLine/sac:TotalAmount" valor: "56.00")</cbc:Note><cbc:Note>4027 - El importe total no coincide con la sumatoria de los valores de venta mas los tributos mas los cargos - Error en la linea: 34. : 4027 (nodo: "sac:SummaryDocumentsLine/sac:TotalAmount" valor: "76.00")</cbc:Note><cbc:Note>4027 - El importe total no coincide con la sumatoria de los valores de venta mas los tributos mas los cargos - Error en la linea: 35. : 4027 (nodo: "sac:SummaryDocumentsLine/sac:TotalAmount" valor: "69.00")</cbc:Note><cbc:Note>4027 - El importe total no coincide con la sumatoria de los valores de venta mas los tributos mas los cargos - Error en la linea: 36. : 4027 (nodo: "sac:SummaryDocumentsLine/sac:TotalAmount" valor: "81.00")</cbc:Note><cbc:Note>4027 - El importe total no coincide con la sumatoria de los valores de venta mas los tributos mas los cargos - Error en la linea: 37. : 4027 (nodo: "sac:SummaryDocumentsLine/sac:TotalAmount" valor: "57.00")</cbc:Note><cbc:Note>4027 - El importe total no coincide con la sumatoria de los valores de venta mas los tributos mas los cargos - Error en la linea: 38. : 4027 (nodo: "sac:SummaryDocumentsLine/sac:TotalAmount" valor: "49.00")</cbc:Note><cbc:Note>4027 - El importe total no coincide con la sumatoria de los valores de venta mas los tributos mas los cargos - Error en la linea: 40. : 4027 (nodo: "sac:SummaryDocumentsLine/sac:TotalAmount" valor: "59.00")</cbc:Note><cbc:Note>4027 - El importe total no coincide con la sumatoria de los valores de venta mas los tributos mas los cargos - Error en la linea: 41. : 4027 (nodo: "sac:SummaryDocumentsLine/sac:TotalAmount" valor: "62.00")</cbc:Note><cbc:Note>4027 - El importe total no coincide con la sumatoria de los valores de venta mas los tributos mas los cargos - Error en la linea: 42. : 4027 (nodo: "sac:SummaryDocumentsLine/sac:TotalAmount" valor: "75.00")</cbc:Note><cbc:Note>4027 - El importe total no coincide con la sumatoria de los valores de venta mas los tributos mas los cargos - Error en la linea: 43. : 4027 (nodo: "sac:SummaryDocumentsLine/sac:TotalAmount" valor: "13.00")</cbc:Note><cbc:Note>4027 - El importe total no coincide con la sumatoria de los valores de venta mas los tributos mas los cargos - Error en la linea: 44. : 4027 (nodo: "sac:SummaryDocumentsLine/sac:TotalAmount" valor: "13.00")</cbc:Note><cbc:Note>4027 - El importe total no coincide con la sumatoria de los valores de venta mas los tributos mas los cargos - Error en la linea: 45. : 4027 (nodo: "sac:SummaryDocumentsLine/sac:TotalAmount" valor: "33.00")</cbc:Note><cbc:Note>4027 - El importe total no coincide con la sumatoria de los valores de venta mas los tributos mas los cargos - Error en la linea: 46. : 4027 (nodo: "sac:SummaryDocumentsLine/sac:TotalAmount" valor: "38.00")</cbc:Note><cbc:Note>4027 - El importe total no coincide con la sumatoria de los valores de venta mas los tributos mas los cargos - Error en la linea: 48. : 4027 (nodo: "sac:SummaryDocumentsLine/sac:TotalAmount" valor: "43.00")</cbc:Note><cbc:Note>4027 - El importe total no coincide con la sumatoria de los valores de venta mas los tributos mas los cargos - Error en la linea: 49. : 4027 (nodo: "sac:SummaryDocumentsLine/sac:TotalAmount" valor: "55.00")</cbc:Note><cbc:Note>4027 - El importe total no coincide con la sumatoria de los valores de venta mas los tributos mas los cargos - Error en la linea: 50. : 4027 (nodo: "sac:SummaryDocumentsLine/sac:TotalAmount" valor: "33.00")</cbc:Note><cac:SenderParty><cac:PartyIdentification><cbc:ID>20131312955</cbc:ID></cac:PartyIdentification></cac:SenderParty><cac:ReceiverParty><cac:PartyIdentification><cbc:ID>20163646499</cbc:ID></cac:PartyIdentification></cac:ReceiverParty><cac:DocumentResponse><cac:Response><cbc:ReferenceID>RC-20210526-008</cbc:ReferenceID><cbc:ResponseCode>0</cbc:ResponseCode><cbc:Description>El Resumen diario RC-20210526-008, ha sido aceptado</cbc:Description></cac:Response><cac:DocumentReference><cbc:ID>RC-20210526-008</cbc:ID></cac:DocumentReference><cac:RecipientParty><cac:PartyIdentification><cbc:ID>6-</cbc:ID></cac:PartyIdentification></cac:RecipientParty></cac:DocumentResponse></ar:ApplicationResponse>