<?xml version="1.0" encoding="UTF-8"?>
<ar:ApplicationResponse xmlns:ar="urn:oasis:names:specification:ubl:schema:xsd:ApplicationResponse-2" xmlns:ext="urn:oasis:names:specification:ubl:schema:xsd:CommonExtensionComponents-2" xmlns:cbc="urn:oasis:names:specification:ubl:schema:xsd:CommonBasicComponents-2" xmlns:cac="urn:oasis:names:specification:ubl:schema:xsd:CommonAggregateComponents-2" xmlns:ds="http://www.w3.org/2000/09/xmldsig#" xmlns:soap="http://schemas.xmlsoap.org/soap/envelope/"><ext:UBLExtensions><ext:UBLExtension><ext:ExtensionContent><Signature xmlns="http://www.w3.org/2000/09/xmldsig#">
<SignedInfo>
  <CanonicalizationMethod Algorithm="http://www.w3.org/2001/10/xml-exc-c14n#WithComments"/>
  <SignatureMethod Algorithm="http://www.w3.org/2001/04/xmldsig-more#rsa-sha512"/>
  <Reference URI="">
    <Transforms>
      <Transform Algorithm="http://www.w3.org/2000/09/xmldsig#enveloped-signature"/>
      <Transform Algorithm="http://www.w3.org/2001/10/xml-exc-c14n#WithComments"/>
    </Transforms>
    <DigestMethod Algorithm="http://www.w3.org/2001/04/xmlenc#sha512"/>
    <DigestValue>7jMp5zacTEtiYprpNOvW4obXTo8yt+zwmO7UwsxQXeVR3Tvhta+TDovqIoTkiZP7M3SmLOuKb/P928MoL3u44w==</DigestValue>
  </Reference>
</SignedInfo>
    <SignatureValue>*Private key 'BetaPublicCert' not up*</SignatureValue><KeyInfo><X509Data><X509Certificate>*Named certificate 'BetaPrivateKey' not up*</X509Certificate><X509IssuerSerial><X509IssuerName>*Named certificate 'BetaPrivateKey' not up*</X509IssuerName><X509SerialNumber>*Named certificate 'BetaPrivateKey' not up*</X509SerialNumber></X509IssuerSerial></X509Data></KeyInfo></Signature></ext:ExtensionContent></ext:UBLExtension></ext:UBLExtensions><cbc:ID>1618537251671</cbc:ID><cbc:IssueDate>2021-04-15T20:40:49</cbc:IssueDate><cbc:IssueTime>00:00:00</cbc:IssueTime><cbc:ResponseDate>2021-04-15</cbc:ResponseDate><cbc:ResponseTime>20:40:51</cbc:ResponseTime><cac:Signature><cbc:ID>SignSUNAT</cbc:ID><cac:SignatoryParty><cac:PartyIdentification><cbc:ID>20131312955</cbc:ID></cac:PartyIdentification><cac:PartyName><cbc:Name>SUNAT</cbc:Name></cac:PartyName></cac:SignatoryParty><cac:DigitalSignatureAttachment><cac:ExternalReference><cbc:URI>#SignSUNAT</cbc:URI></cac:ExternalReference></cac:DigitalSignatureAttachment></cac:Signature><cbc:Note>4294 - La base imponible a nivel de l&#237;nea difiere de la informaci&#243;n consignada en el comprobante - Error en la linea: 1: 4294 (nodo: "cac:TaxSubtotal/cbc:TaxableAmount" valor: "100.00")</cbc:Note><cbc:Note>4287 - El precio unitario de la operaci&#243;n que est&#225; informando difiere de los c&#225;lculos realizados en base a la informaci&#243;n remitida - Error en la linea: 1: 4287 (nodo: "cac:AlternativeConditionPrice/cbc:PriceAmount" valor: "95")</cbc:Note><cbc:Note>4294 - La base imponible a nivel de l&#237;nea difiere de la informaci&#243;n consignada en el comprobante - Error en la linea: 2: 4294 (nodo: "cac:TaxSubtotal/cbc:TaxableAmount" valor: "100.00")</cbc:Note><cbc:Note>4287 - El precio unitario de la operaci&#243;n que est&#225; informando difiere de los c&#225;lculos realizados en base a la informaci&#243;n remitida - Error en la linea: 2: 4287 (nodo: "cac:AlternativeConditionPrice/cbc:PriceAmount" valor: "190")</cbc:Note><cbc:Note>4294 - La base imponible a nivel de l&#237;nea difiere de la informaci&#243;n consignada en el comprobante - Error en la linea: 3: 4294 (nodo: "cac:TaxSubtotal/cbc:TaxableAmount" valor: "100.00")</cbc:Note><cbc:Note>4294 - La base imponible a nivel de l&#237;nea difiere de la informaci&#243;n consignada en el comprobante - Error en la linea: 4: 4294 (nodo: "cac:TaxSubtotal/cbc:TaxableAmount" valor: "100.00")</cbc:Note><cbc:Note>4287 - El precio unitario de la operaci&#243;n que est&#225; informando difiere de los c&#225;lculos realizados en base a la informaci&#243;n remitida - Error en la linea: 4: 4287 (nodo: "cac:AlternativeConditionPrice/cbc:PriceAmount" valor: "380")</cbc:Note><cbc:Note>4294 - La base imponible a nivel de l&#237;nea difiere de la informaci&#243;n consignada en el comprobante - Error en la linea: 5: 4294 (nodo: "cac:TaxSubtotal/cbc:TaxableAmount" valor: "100.00")</cbc:Note><cbc:Note>4287 - El precio unitario de la operaci&#243;n que est&#225; informando difiere de los c&#225;lculos realizados en base a la informaci&#243;n remitida - Error en la linea: 5: 4287 (nodo: "cac:AlternativeConditionPrice/cbc:PriceAmount" valor: "475")</cbc:Note><cbc:Note>4299 - La sumatoria del total valor de venta - operaciones gravadas de l&#237;nea no corresponden al total - INFO : 4299 (nodo: "cac:TaxSubtotal/cbc:TaxableAmount" valor: "100.00")</cbc:Note><cbc:Note>4290 - El c&#225;lculo del IGV es Incorrecto - INFO : 4290 (nodo: "cac:TaxSubtotal/cbc:TaxAmount" valor: "18.00")</cbc:Note><cbc:Note>4312 - El importe total del comprobante no coincide con el valor calculado - INFO : 4312 (nodo: "cac:LegalMonetaryTotal/cbc:PayableAmount" valor: "79.00")</cbc:Note><cbc:Note>4309 - La sumatoria de valor de venta no corresponde a los importes consignados - INFO : 4309 (nodo: "cac:LegalMonetaryTotal/cbc:LineExtensionAmount" valor: "100.00")</cbc:Note><cbc:Note>4310 - La sumatoria del Total del valor de venta m&#225;s los impuestos no concuerda con la base imponible - INFO : 4310 (nodo: "cac:LegalMonetaryTotal/cbc:TaxInclusiveAmount" valor: "118.00")</cbc:Note><cac:SenderParty><cac:PartyIdentification><cbc:ID>20131312955</cbc:ID></cac:PartyIdentification></cac:SenderParty><cac:ReceiverParty><cac:PartyIdentification><cbc:ID>20163646499</cbc:ID></cac:PartyIdentification></cac:ReceiverParty><cac:DocumentResponse><cac:Response><cbc:ReferenceID>F001-001</cbc:ReferenceID><cbc:ResponseCode>0</cbc:ResponseCode><cbc:Description>La Factura numero F001-001, ha sido aceptada</cbc:Description></cac:Response><cac:DocumentReference><cbc:ID>F001-001</cbc:ID></cac:DocumentReference><cac:RecipientParty><cac:PartyIdentification><cbc:ID>6-10723516108</cbc:ID></cac:PartyIdentification></cac:RecipientParty></cac:DocumentResponse></ar:ApplicationResponse>